signal,users_with_signal,booked_with_signal,cr_with_signal,cr_without_signal,diff_pp
Откликался на вакансии типа подработки,15024,1985,0.13212193823216187,0.03736413043478261,9.475780779737926
Указал подработку в резюме,5629,808,0.14354236987031443,0.07929336514543886,6.424900472487558
Указал свободный график в резюме,5193,723,0.1392258809936453,0.08179786441519742,5.7428016578447885
