stage,n,share_of_all,share_of_previous
Все пользователи,25328,1.0,1.0
Начали верификацию,12305,0.4858259633607075,0.4858259633607075
Успешно прошли верификацию,3551,0.14020056854074542,0.28858187728565626
Забронировали первую смену,2370,0.09357233101705623,0.6674176288369473
Успешно завершили первую смену,482,0.01903032217308907,0.20337552742616033
