metric,warm_n,cold_n,warm_rate,cold_rate,diff_pp,p_value
Забронировали первую смену от всех,15562,9766,0.12877522169386968,0.03747696088470203,9.129826080916764,2.922698172292154e-130
Успешно завершили первую смену от всех,15562,9766,0.025960673435291095,0.007986893303297153,1.7973780131993942,2.194994078028721e-24
Успешно завершили среди забронировавших,2004,366,0.20159680638722555,0.21311475409836064,-1.1517947711135097,0.614682296284973
