model,effect_of_interest_pp,ci_low_pp,ci_high_pp,p_value,r2
1. Только признак интереса,9.129826080916756,8.48260081371163,9.777051348121883,2.994662784336442e-168,0.023282238960666946
"2. Плюс демография, платформа и регион",9.183488549820806,8.524997963405438,9.841979136236175,1.66482471341286e-164,0.05573946425966925
3. Плюс общая активность,-1.8268367826534861,-2.8422538072249877,-0.8114197580819845,0.0004216142782204584,0.08230729350109
4. Плюс маркетинговые касания,-0.9558973500446577,-1.8904454003001816,-0.02134929978913399,0.044991019190036445,0.22384783229133298
