signal,effect_pp_after_activity_control,ci_low_pp,ci_high_pp,p_value
Откликался на вакансии типа подработки,-1.810147292142017,-2.907832772154599,-0.712461812129435,0.0012288629333267246
Указал подработку в резюме,1.0253278382705102,-0.4300202113129259,2.480675887853946,0.16732756259259407
Указал свободный график в резюме,-0.841599729651091,-2.3253739028617737,0.6421744435595917,0.2662690697419049
Логарифм от количества откликов плюс один,4.781522142105206,4.322961134534767,5.240083149675645,7.84139062086037e-93
